{"method": "minmax", "vmin": [-0.851562, 0.0, -0.464844], "vmax": [0.849609, 1.900391, 0.462891]}