{"method": "unit_sphere", "centroid": [0.07544269895193266, 1.08739029598844, 0.1219668904951203], "scale": 1.3503976907930173}