{"method": "unit_sphere", "centroid": [-2.6020852139652106e-18, 0.0, 2.7755575615628914e-17], "scale": 1.4142137811865645}