{"method": "unit_sphere", "centroid": [0.042887511735419326, 0.5291126276671396, -0.00344591038406831], "scale": 0.5491428997386895}