{"method": "minmax", "vmin": [-0.199625, -0.0, -0.197126], "vmax": [0.199625, 1.0, 0.197126]}