{"method": "unit_sphere", "centroid": [-0.003507619485294322, 0.4104754908088227, -0.0004411764705882354], "scale": 0.6136494288097692}