{"method": "minmax", "vmin": [-0.5, 0.0, -0.181411], "vmax": [0.5, 0.904419, 0.181411]}