{"method": "unit_sphere", "centroid": [0.0021130992274263644, 0.4033848763882189, 0.014002046112988808], "scale": 0.5310100273509246}