{"method": "unit_sphere", "centroid": [0.004886927489526214, 1.159459616822451, -0.0036142136641959055], "scale": 1.1873972447897692}