{"method": "minmax", "vmin": [-0.84375, -0.0, -0.212891], "vmax": [0.841797, 1.900391, 0.210938]}