{"method": "minmax", "vmin": [-0.208906, 0.0, -0.5], "vmax": [0.208906, 0.611761, 0.5]}