{"method": "unit_sphere", "centroid": [-0.013190471728082005, 0.3863740422490502, -0.0035868011435831793], "scale": 0.6106223757604528}