{"method": "minmax", "vmin": [-0.031922, 0.0, -0.117146], "vmax": [0.031922, 1.0, 0.117146]}