{"method": "unit_sphere", "centroid": [0.021693639688249576, 0.3027951720623492, -0.0043646235011990395], "scale": 0.6999664651979155}